{
    "H": {
        "USS": -11.906276,
        "ZS": 1.331967,
        "BETAS": -6.989064,
        "ALP": 2.5441341,
        "GSS": 12.848,
        "PO1": 1.05891978,
        "PO9": 1.05891978,
        "CORE": 1.0,
        "EHEAT": 52.102,
        "EISOL": -11.906276
    },
    "C": {
        "USS": -52.279745,
        "UPP": -39.205558,
        "ZS": 1.787537,
        "ZP": 1.787537,
        "BETAS": -18.985044,
        "BETAP": -7.934122,
        "ALP": 2.54638,
        "GSS": 12.23,
        "GPP": 11.08,
        "GSP": 11.47,
        "GP2": 9.84,
        "HSP": 2.43,
        "DD2": 0.8074662,
        "DD3": 0.6851578,
        "PO1": 1.11242847,
        "PO2": 0.81307767,
        "PO3": 0.74784281,
        "PO9": 1.11242847,
        "HYF": 4.10451219,
        "CORE": 4.0,
        "EHEAT": 170.89,
        "EISOL": -120.500606
    },
    "N": {
        "USS": -71.932122,
        "UPP": -57.172319,
        "ZS": 2.255614,
        "ZP": 2.255614,
        "BETAS": -20.495758,
        "BETAP": -20.495758,
        "ALP": 2.861342,
        "GSS": 13.59,
        "GPP": 12.98,
        "GSP": 12.66,
        "GP2": 11.59,
        "HSP": 3.14,
        "DD2": 0.6399037,
        "DD3": 0.5429763,
        "PO1": 1.00110382,
        "PO2": 0.6374589,
        "PO3": 0.61527519,
        "PO9": 1.00110382,
        "HYF": 3.25275849,
        "CORE": 5.0,
        "EHEAT": 113.0,
        "EISOL": -202.566201
    },
    "O": {
        "USS": -99.644309,
        "UPP": -77.797472,
        "ZS": 2.699905,
        "ZP": 2.699905,
        "BETAS": -32.688082,
        "BETAP": -32.688082,
        "ALP": 3.160604,
        "GSS": 15.42,
        "GPP": 14.52,
        "GSP": 14.48,
        "GP2": 12.98,
        "HSP": 3.94,
        "DD2": 0.5346024,
        "DD3": 0.4536252,
        "PO1": 0.88229575,
        "PO2": 0.52123718,
        "PO3": 0.52654115,
        "PO9": 0.88229575,
        "HYF": 2.71749092,
        "CORE": 6.0,
        "EHEAT": 59.559,
        "EISOL": -317.868506
    },
    "F": {
        "USS": -131.071548,
        "UPP": -105.782137,
        "ZS": 2.848487,
        "ZP": 2.848487,
        "BETAS": -48.290466,
        "BETAP": -36.50854,
        "ALP": 3.4196606,
        "GSS": 16.92,
        "GPP": 16.71,
        "GSP": 17.25,
        "GP2": 14.91,
        "HSP": 4.83,
        "DD2": 0.5067166,
        "DD3": 0.4299633,
        "PO1": 0.80407803,
        "PO2": 0.46081671,
        "PO3": 0.48338869,
        "PO9": 0.80407803,
        "HYF": 2.57574182,
        "CORE": 7.0,
        "EHEAT": 18.89,
        "EISOL": -476.683781
    }
}