{
    "H": {
        "USS": -13.073321,
        "ZS": 0.967807,
        "BETAS": -5.626512,
        "ALP": 3.356386,
        "GSS": 14.794208,
        "PO1": 0.91961667,
        "PO9": 0.91961667,
        "CORE": 1.0,
        "EHEAT": 52.102,
        "EISOL": -13.073321,
        "FN1": -1.060329,
        "FN2": 6.003788,
        "FN3": 1.570189,
        "GSCAL": 1.0
    },
    "C": {
        "USS": -47.27032,
        "UPP": -36.266918,
        "ZS": 1.565085,
        "ZP": 1.842345,
        "BETAS": -11.910015,
        "BETAP": -9.802755,
        "ALP": 2.707807,
        "GSS": 11.200708,
        "GPP": 10.796292,
        "GSP": 10.265027,
        "GP2": 9.042566,
        "HSP": 2.29098,
        "DD2": 0.8332396,
        "DD3": 0.664775,
        "PO1": 1.21465535,
        "PO2": 0.84949324,
        "PO3": 0.65379416,
        "PO9": 1.21465535,
        "HYF": 4.23552353,
        "CORE": 4.0,
        "EHEAT": 170.89,
        "EISOL": -111.229917,
        "FN1": 0.050733,
        "FN2": 6.002979,
        "FN3": 0.892488,
        "GSCAL": 1.0
    },
    "N": {
        "USS": -49.335672,
        "UPP": -47.509736,
        "ZS": 2.028094,
        "ZP": 2.313728,
        "BETAS": -14.062521,
        "BETAP": -20.043848,
        "ALP": 2.830545,
        "GSS": 11.904787,
        "GPP": 11.754672,
        "GSP": 7.348565,
        "GP2": 10.807277,
        "HSP": 1.136713,
        "DD2": 0.6577006,
        "DD3": 0.5293383,
        "PO1": 1.1428177,
        "PO2": 0.99383919,
        "PO3": 0.6788928,
        "PO9": 1.1428177,
        "HYF": 3.34322369,
        "CORE": 5.0,
        "EHEAT": 113.0,
        "EISOL": -157.6137755,
        "FN1": -1.505772,
        "FN2": 6.004658,
        "FN3": 1.716149,
        "GSCAL": 1.0
    },
    "O": {
        "USS": -86.993002,
        "UPP": -71.87958,
        "ZS": 3.796544,
        "ZP": 2.389402,
        "BETAS": -45.202651,
        "BETAP": -24.752515,
        "ALP": 3.217102,
        "GSS": 15.75576,
        "GPP": 13.654016,
        "GSP": 10.62116,
        "GP2": 12.406095,
        "HSP": 0.593883,
        "DD2": 0.4086173,
        "DD3": 0.5125738,
        "PO1": 0.86349373,
        "PO2": 0.94346209,
        "PO3": 0.61127459,
        "PO9": 0.86349373,
        "HYF": 2.07708346,
        "CORE": 6.0,
        "EHEAT": 59.559,
        "EISOL": -289.3422065,
        "FN1": 1.137891,
        "FN2": 5.950512,
        "FN3": 1.598395,
        "GSCAL": 1.0
    },
    "F": {
        "USS": -110.435303,
        "UPP": -105.685047,
        "ZS": 4.708555,
        "ZP": 2.491178,
        "BETAS": -48.405939,
        "BETAP": -27.74466,
        "ALP": 3.358921,
        "GSS": 10.496667,
        "GPP": 14.817256,
        "GSP": 16.073689,
        "GP2": 14.418393,
        "HSP": 0.727763,
        "DD2": 0.3125302,
        "DD3": 0.4916328,
        "PO1": 1.29612588,
        "PO2": 0.73871578,
        "PO3": 0.81698719,
        "PO9": 1.29612588,
        "HYF": 1.58865351,
        "CORE": 7.0,
        "EHEAT": 18.89,
        "EISOL": -437.517169,
        "FN1": -0.002852,
        "FN2": 6.003717,
        "FN3": 2.636158,
        "GSCAL": 1.0
    }
}