{
    "H": {
        "USS": -12.6489,
        "ZS": 1.47386481,
        "BETAS": -3.4199822,
        "GSS": 12.848,
        "CORE": 1.0,
        "EHEAT": 52.102,
        "EISOL": -12.6489,
        "ALPS": 0.06607903,
        "BETSH": -3.4199822,
        "ALPSH": 0.06607903,
        "FVAL1": 0.29566861,
        "FVAL2": 1.40190659,
        "GVAL1": 0.65271563,
        "GVAL2": 0.9084367
    },
    "C": {
        "USS": -51.65550844,
        "UPP": -39.74369825,
        "ZS": 1.42036892,
        "ZP": 1.42036892,
        "BETAS": -7.21406021,
        "BETAP": -4.14394503,
        "GSS": 12.23,
        "GPP": 11.08,
        "GSP": 11.47,
        "GP2": 9.84,
        "HSP": 2.43,
        "HYF": 3.39103449,
        "CORE": 4.0,
        "EHEAT": 170.89,
        "EISOL": -120.32841338,
        "BETPI": -5.97107657,
        "BETSH": -6.30164062,
        "BETPH": -4.04444703,
        "ALPS": 0.09045297,
        "ALPP": 0.05452192,
        "ALPPI": 0.10204903,
        "ALPSH": 0.09668329,
        "ALPPH": 0.05283694,
        "FVAL1": 0.49949211,
        "FVAL2": 0.72261226,
        "GVAL1": 0.21284361,
        "GVAL2": 0.99250289,
        "ZSCOR": 5.16802668,
        "FSCOR": -305.68646337,
        "BCORE": -9.07185084,
        "ACORE": 0.16985745
    },
    "N": {
        "USS": -74.3763824,
        "UPP": -57.60067613,
        "ZS": 1.33175233,
        "ZP": 1.33175233,
        "BETAS": -10.84303446,
        "BETAP": -7.62373736,
        "GSS": 13.59,
        "GPP": 12.98,
        "GSP": 12.66,
        "GP2": 11.59,
        "HSP": 3.14,
        "HYF": 3.00257673,
        "CORE": 5.0,
        "EHEAT": 113.0,
        "EISOL": -208.73979319,
        "BETPI": -9.27936312,
        "BETSH": -9.49567107,
        "BETPH": -8.51180846,
        "ALPS": 0.08974553,
        "ALPP": 0.0875968,
        "ALPPI": 0.13172314,
        "ALPSH": 0.11429048,
        "ALPPH": 0.10673732,
        "FVAL1": 0.64073384,
        "FVAL2": 0.19580808,
        "GVAL1": 0.13946233,
        "GVAL2": 0.8437306,
        "ZSCOR": 6.939806,
        "FSCOR": -407.39202305,
        "BCORE": -9.9791021,
        "ACORE": 0.16173024
    },
    "O": {
        "USS": -101.82723464,
        "UPP": -78.92823923,
        "ZS": 1.55214516,
        "ZP": 1.55214516,
        "BETAS": -10.64436974,
        "BETAP": -8.63610952,
        "GSS": 15.42,
        "GPP": 14.52,
        "GSP": 14.48,
        "GP2": 12.98,
        "HSP": 3.94,
        "HYF": 2.22096546,
        "CORE": 6.0,
        "EHEAT": 59.559,
        "EISOL": -326.7574262,
        "BETPI": -9.2120119,
        "BETSH": -6.54238767,
        "BETPH": -10.11307271,
        "ALPS": 0.13062089,
        "ALPP": 0.09626876,
        "ALPPI": 0.13071747,
        "ALPSH": 0.11112738,
        "ALPPH": 0.11891861,
        "FVAL1": 1.26450169,
        "FVAL2": 1.14847352,
        "GVAL1": 0.28309603,
        "GVAL2": 0.78414131,
        "ZSCOR": 7.58579774,
        "FSCOR": -514.45812327,
        "BCORE": -14.16551053,
        "ACORE": 0.34390559
    },
    "F": {
        "USS": -120.6278537,
        "UPP": -107.27105397,
        "ZS": 1.45216726,
        "ZP": 1.45216726,
        "BETAS": -6.25438426,
        "BETAP": -13.93492471,
        "GSS": 16.92,
        "GPP": 16.71,
        "GSP": 17.25,
        "GP2": 14.91,
        "HSP": 4.83,
        "HYF": 2.08244413,
        "CORE": 7.0,
        "EHEAT": 18.89,
        "EISOL": -463.24097725,
        "BETPI": -18.73205761,
        "BETSH": -6.25104378,
        "BETPH": -13.94492971,
        "ALPS": 0.26624434,
        "ALPP": 0.12261412,
        "ALPPI": 0.21684388,
        "ALPSH": 0.44713918,
        "ALPPH": 0.15648906,
        "FVAL1": 2.11499396,
        "FVAL2": 1.09156321,
        "GVAL1": 0.31704089,
        "GVAL2": 0.02140504,
        "ZSCOR": 8.71226515,
        "FSCOR": -685.41988599,
        "BCORE": -9.17960365,
        "ACORE": 0.99971548
    }
}