{
    "H": {
        "USS": -11.396427,
        "ZS": 1.188078,
        "BETAS": -6.173787,
        "ALP": 2.882324,
        "GSS": 12.848,
        "PO1": 1.05891978,
        "PO9": 1.05891978,
        "CORE": 1.0,
        "EHEAT": 52.102,
        "EISOL": -11.396427,
        "FN1": -0.018336,
        "FN2": 2.0,
        "FN3": 2.1,
        "GSCAL": 1.0
    },
    "C": {
        "USS": -52.028658,
        "UPP": -39.614239,
        "ZS": 1.808665,
        "ZP": 1.685116,
        "BETAS": -15.715783,
        "BETAP": -7.719283,
        "ALP": 2.648274,
        "GSS": 12.23,
        "GPP": 11.08,
        "GSP": 11.47,
        "GP2": 9.84,
        "HSP": 2.43,
        "DD2": 0.8236736,
        "DD3": 0.7268015,
        "PO1": 1.11242847,
        "PO2": 0.82197014,
        "PO3": 0.77839281,
        "PO9": 1.11242847,
        "HYF": 4.18689764,
        "CORE": 4.0,
        "EHEAT": 170.89,
        "EISOL": -120.815794,
        "FN1": -0.00126,
        "FN2": 5.0,
        "FN3": 2.65,
        "GSCAL": 1.0
    },
    "N": {
        "USS": -71.86,
        "UPP": -57.167581,
        "ZS": 2.31541,
        "ZP": 2.15794,
        "BETAS": -20.29911,
        "BETAP": -18.238666,
        "ALP": 2.947286,
        "GSS": 13.59,
        "GPP": 12.98,
        "GSP": 12.66,
        "GP2": 11.59,
        "HSP": 3.14,
        "DD2": 0.6433247,
        "DD3": 0.5675528,
        "PO1": 1.00110382,
        "PO2": 0.63931752,
        "PO3": 0.63423622,
        "PO9": 1.00110382,
        "HYF": 3.27014812,
        "CORE": 5.0,
        "EHEAT": 113.0,
        "EISOL": -202.407743,
        "FN1": -0.005806,
        "FN2": 2.0,
        "FN3": 2.4,
        "GSCAL": 1.0
    },
    "O": {
        "USS": -97.83,
        "UPP": -78.26238,
        "ZS": 3.108032,
        "ZP": 2.524039,
        "BETAS": -29.272773,
        "BETAP": -29.272773,
        "ALP": 4.455371,
        "GSS": 15.42,
        "GPP": 14.52,
        "GSP": 14.48,
        "GP2": 12.98,
        "HSP": 3.94,
        "DD2": 0.4988896,
        "DD3": 0.4852322,
        "PO1": 0.88229575,
        "PO2": 0.50195431,
        "PO3": 0.55155841,
        "PO9": 0.88229575,
        "HYF": 2.53595561,
        "CORE": 6.0,
        "EHEAT": 59.559,
        "EISOL": -316.09952,
        "FN1": 0.08143,
        "FN2": 7.0,
        "FN3": 1.445071,
        "GSCAL": 1.0
    },
    "F": {
        "USS": -136.105579,
        "UPP": -104.889885,
        "ZS": 3.770082,
        "ZP": 2.49467,
        "BETAS": -69.590277,
        "BETAP": -27.92236,
        "ALP": 5.5178,
        "GSS": 16.92,
        "GPP": 16.71,
        "GSP": 17.25,
        "GP2": 14.91,
        "HSP": 4.83,
        "DD2": 0.4145203,
        "DD3": 0.4909446,
        "PO1": 0.80407803,
        "PO2": 0.41360626,
        "PO3": 0.52913664,
        "PO9": 0.80407803,
        "HYF": 2.10708959,
        "CORE": 7.0,
        "EHEAT": 18.89,
        "EISOL": -482.290583,
        "FN1": 0.003607,
        "FN2": 4.6,
        "FN3": 1.66,
        "GSCAL": 1.0
    }
}